Institution,Category
"National Heart, Lung, and Blood Institute (NHLBI)",Research Institute
Fisher and Paykel Healthcare,Device Company
ResMed,Device Company
Brigham and Women's Hospital,Healthcare Provider
"University Hospital, Grenoble",Healthcare Provider
VA Office of Research and Development,Research Institute
Philips Respironics,Device Company
"University of California, San Diego",Research Institute
National Institutes of Health (NIH),Research Institute
University of Michigan,Research Institute
Sociedad Española de Neumología y Cirugía Torácica,Research Institute
Chinese University of Hong Kong,Research Institute
University of Pennsylvania,Research Institute
Mayo Clinic,Healthcare Provider
University of Chicago,Research Institute
Apnimed,Pharma
Assistance Publique - Hôpitaux de Paris,Healthcare Provider
ResMed Foundation,Foundation
University of Sao Paulo,Research Institute
Johns Hopkins University,Research Institute
Fundação de Amparo à Pesquisa do Estado de São Paulo,Research Institute
"University Health Network, Toronto",Research Institute
Stanford University,Research Institute
University of British Columbia,Research Institute
University of Zurich,Research Institute
University of Miami,Research Institute
National Institute on Aging (NIA),Research Institute
Centre Hospitalier Universitaire de Saint Etienne,Healthcare Provider
"Children's Hospital Medical Center, Cincinnati",Healthcare Provider
University of Sao Paulo General Hospital,Healthcare Provider
Conselho Nacional de Desenvolvimento Científico e Tecnológico,Research Institute
"University Hospital, Antwerp",Healthcare Provider
Children's Hospital of Philadelphia,Healthcare Provider
University of Arizona,Research Institute
"Inspire Medical Systems, Inc.",Device Company
NYU Langone Health,Research Institute
Hospital de Clinicas de Porto Alegre,Healthcare Provider
Associação Fundo de Incentivo à Pesquisa,Research Institute
Hospital Universitario La Paz,Healthcare Provider
Cephalon,Pharma
Chang Gung Memorial Hospital,Healthcare Provider
National Cheng-Kung University Hospital,Healthcare Provider
AGIR à Dom,Foundation
Washington University School of Medicine,Research Institute
National Taiwan University Hospital,Healthcare Provider
"University of California, Los Angeles",Research Institute
Hospital Clinic of Barcelona,Healthcare Provider
The University of Hong Kong,Research Institute
"University Hospital, Montpellier",Healthcare Provider
University of Calgary,Research Institute
Northwestern University,Research Institute
The Hospital for Sick Children,Healthcare Provider
Merck Sharp & Dohme LLC,Pharma
Université de Montréal,Research Institute
Kaiser Permanente,Healthcare Provider
"University Hospital, Angers",Healthcare Provider
Centre Hospitalier Universitaire Vaudois,Healthcare Provider
Sunnybrook Health Sciences Centre,Research Institute
Mansoura University,Research Institute
Universitaire Ziekenhuizen KU Leuven,Research Institute
Laval University,Research Institute
McGill University Health Centre/Research Institute of the McGill University Health Centre,Healthcare Provider
American Academy of Sleep Medicine,Research Institute
Turku University Hospital,Healthcare Provider
Instituto de Salud Carlos III,Research Institute
University Hospitals Cleveland Medical Center,Healthcare Provider
Centre Hospitalier Universitaire Saint Pierre,Healthcare Provider
Weill Medical College of Cornell University,Research Institute
University of Pittsburgh,Research Institute
University of Crete,Research Institute
Ohio State University,Research Institute
"University of Wisconsin, Madison",Research Institute
US Department of Veterans Affairs,Government Agency
Nyxoah S.A.,Device Company
The Cleveland Clinic,Healthcare Provider
Jazz Pharmaceuticals,Pharma
Case Western Reserve University,Research Institute
Duke University,Research Institute
MetroHealth Medical Center,Healthcare Provider
University of Washington,Research Institute
Vanderbilt University Medical Center,Healthcare Provider
"The University of Texas Health Science Center, Houston",Research Institute
"Kyoto University, Graduate School of Medicine",Research Institute
Emory University,Research Institute
Chulalongkorn University,Research Institute
University of Illinois at Chicago,Research Institute
Hospital Universitario Araba,Healthcare Provider
"University of California, San Francisco",Research Institute
Belun Technology Company Limited,Device Company
Hospices Civils de Lyon,Healthcare Provider
Sleepiz AG,Device Company
Eunice Kennedy Shriver National Institute of Child Health and Human Development (NICHD),Research Institute
Columbia University,Research Institute
Zephyr Sleep Technologies,Device Company
Nanjing Medical University,Research Institute
Institut für Pneumologie Hagen Ambrock eV,Research Institute
Umeå University,Research Institute
Bayer,Pharma
Guy's and St Thomas' NHS Foundation Trust,Government Agency
Unity Health Toronto,Research Institute
Poitiers University Hospital,Healthcare Provider
National Jewish Health,Healthcare Provider
University of Rochester,Research Institute
Philips Clinical & Medical Affairs Global,Healthcare Provider
Karolinska University Hospital,Healthcare Provider
University of Manitoba,Research Institute
Seoul National University Hospital,Healthcare Provider
Eastern Virginia Medical School,Research Institute
Beth Israel Deaconess Medical Center,Healthcare Provider
American Heart Association,Research Institute
University of Missouri-Columbia,Research Institute
LivaNova,Device Company
Wayne State University,Research Institute
Bioprojet,Pharma
Uppsala University,Research Institute
Fondo de Investigacion Sanitaria,Research Institute
University of South Florida,Research Institute
"Respicardia, Inc.",Device Company
Göteborg University,Research Institute
Children's Hospital of The King's Daughters,Healthcare Provider
National Cancer Institute (NCI),Research Institute
Universidad de Granada,Research Institute
National Institute of Neurological Disorders and Stroke (NINDS),Research Institute
Canadian Institutes of Health Research (CIHR),Research Institute
Yonsei University,Research Institute
SleepRes Inc.,Device Company
Heinen und Löwenstein GmbH & Co. KG,Device Company
NovaResp Technologies Inc,Device Company
Ectosense NV,Device Company
Women's College Hospital,Healthcare Provider
Beijing Tongren Hospital,Healthcare Provider
Oregon Health and Science University,Research Institute
"Sumitomo Pharma America, Inc.",Pharma
National Center for Research Resources (NCRR),Research Institute
Raphael Heinzer,Individual
University of Alberta,Research Institute
Yale University,Research Institute
"Institut National de la Santé Et de la Recherche Médicale, France",Research Institute
University of Florida,Research Institute
Basque Health Service,Research Institute
Albert Einstein Healthcare Network,Research Institute
Takeda,Pharma
Massachusetts General Hospital,Healthcare Provider
"Sommetrics, Inc.",Device Company
Signifier Medical Technologies,Device Company
University of Cincinnati,Research Institute
"University Hospital, Rouen",Healthcare Provider
Pulmonary Critical Care Associates of Baltimore,Healthcare Provider
"Apnex Medical, Inc.",Device Company
King Abdulaziz University,Research Institute
Wissenschaftliches Institut Bethanien e.V,Research Institute
The Swedish Research Council,Research Institute
"Medtronic Xomed, Inc.",Device Company
"University of Colorado, Denver",Research Institute
Invicta Medical Inc.,Device Company
Peking University First Hospital,Healthcare Provider
"University Hospital, Clermont-Ferrand",Healthcare Provider
Medtronic,Device Company
Papworth Hospital NHS Foundation Trust,Healthcare Provider
Baylor College of Medicine,Research Institute
George Washington University,Research Institute
University of Saskatchewan,Research Institute
Associacao Fundo de Incentivo a Psicofarmcologia,Foundation
Vidya Raman,Individual
Swiss National Science Foundation,Foundation
McGill University,Research Institute
Imperial College London,Research Institute
China Medical University Hospital,Healthcare Provider
Patient-Centered Outcomes Research Institute,Research Institute
Ahi Evren Chest and Cardiovascular Surgery Education and Research Hospital,Healthcare Provider
"Somnics, Inc.",Device Company
Istanbul University - Cerrahpasa (IUC),Research Institute
Toronto Rehabilitation Institute,Research Institute
National University of Singapore,Research Institute
Academic Centre for Dentistry in Amsterdam,Research Institute
John D. Dingell VA Medical Center,Healthcare Provider
Technical University of Munich,Research Institute
Flinders University,Research Institute
Medical University of South Carolina,Research Institute
Massachusetts Eye and Ear Infirmary,Research Institute
Kuopio University Hospital,Healthcare Provider
"Ventus Medical, Inc.",Government Agency
State Key Laboratory of Respiratory Disease,Research Institute
Eli Lilly and Company,Pharma
Federal University of São Paulo,Research Institute
Sunrise,Device Company
Taipei Medical University Shuang Ho Hospital,Healthcare Provider
University of Louisville,Research Institute
"University Hospital, Lille",Healthcare Provider
Hospital Universitario Ramon y Cajal,Healthcare Provider
Singapore General Hospital,Healthcare Provider
"ImThera Medical, Inc.",Device Company
Royal Brompton & Harefield NHS Foundation Trust,Government Agency
"All India Institute of Medical Sciences, New Delhi",Research Institute
Eisai Inc.,Pharma
"Bleep, LLC",Device Company
"Cryosa, Inc.",Device Company
American Academy of Otolaryngology-Head and Neck Surgery Foundation,Research Institute
Societat Catalana de Pneumologia,Research Institute
Henry Ford Health System,Healthcare Provider
"ApniCure, Inc.",Device Company
University of Toronto,Research Institute
Sohag University,Research Institute
Erasme University Hospital,Healthcare Provider
Nyxoah Inc.,Device Company
"Hospital for Special Surgery, New York",Healthcare Provider
University Hospital of North Norway,Healthcare Provider
"Linguaflex, Inc.",Device Company
Finnish Institute for Health and Welfare,Research Institute
EsteveTeijin Healthcare,Device Company
Beijing Anzhen Hospital,Healthcare Provider
Centre Hospitalier Régional d'Orléans,Healthcare Provider
ICUREsearch,Research Institute
Rijnstate Hospital,Healthcare Provider
West Side ENT,Healthcare Provider
Universidade Federal de Pernambuco,Research Institute
Incannex Healthcare Ltd,Device Company
Assiut University,Research Institute
Hill-Rom,Device Company
Hopital Foch,Healthcare Provider
"Itamar-Medical, Israel",Device Company
"University Hospital, Ghent",Healthcare Provider
Uskudar University,Research Institute
"United States Naval Medical Center, San Diego",Healthcare Provider
VA Boston Healthcare System,Research Institute
Compumedics Limited,Device Company
Academisch Medisch Centrum - Universiteit van Amsterdam (AMC-UvA),Research Institute
"Glostrup University Hospital, Copenhagen",Healthcare Provider
Woolcock Institute of Medical Research,Research Institute
Clayton Sleep Insititute,Healthcare Provider
DeVilbiss Healthcare LLC,Device Company
Rami Khayat,Individual
Ottawa Heart Institute Research Corporation,Research Institute
University of Roma La Sapienza,Research Institute
RWTH Aachen University,Research Institute
Pavol Jozef Safarik University,Research Institute
"Ministry of Health, France",Government Agency
United States Department of Defense,Government Agency
Ramathibodi Hospital,Healthcare Provider
Nemours Children's Clinic,Healthcare Provider
Hillel Yaffe Medical Center,Healthcare Provider
Walter Reed Army Medical Center,Healthcare Provider
Montefiore Medical Center,Healthcare Provider
ethisch.comite@uza.be,Individual
Faculty Hospital Kralovske Vinohrady,Healthcare Provider
"National Research Agency, France",Research Institute
Elsan,Healthcare Provider
Queen's University,Research Institute
American Thoracic Society,Research Institute
Rambam Health Care Campus,Research Institute
GlaxoSmithKline,Pharma
"University College, London",Research Institute
Istituti Clinici Scientifici Maugeri SpA,Healthcare Provider
Hospital Universitari de Bellvitge,Healthcare Provider
Fondazione Policlinico Universitario Agostino Gemelli IRCCS,Healthcare Provider
Seattle Children's Hospital,Healthcare Provider
Financiadora de Estudos e Projetos,Government Agency
Philips Healthcare,Device Company
Erling Bjerregaard Pedersen,Individual
The Miriam Hospital,Healthcare Provider
Izmir Katip Celebi University,Research Institute
French Cardiology Society,Research Institute
Institut Jerome Lejeune,Research Institute
OSR Medical Inc.,Device Company
Indiana University,Research Institute
Soroka University Medical Center,Healthcare Provider
Universidade Federal do Rio de Janeiro,Research Institute
Idorsia Pharmaceuticals Ltd.,Pharma
Sanofi,Pharma
Aspire Medical,Device Company
Poznan University of Medical Sciences,Research Institute
University of Liverpool,Research Institute
Eileen R. Chasens,Individual
Texas A&M University,Research Institute
Shanghai 6th People's Hospital,Healthcare Provider
Instituto de Investigación Sanitaria de la Fundación Jiménez Díaz,Research Institute
Milton S. Hershey Medical Center,Healthcare Provider
VitalAire,Device Company
Slb Pharma,Pharma
Federal University of Paraíba,Research Institute
RVW Clinical Consulting,Healthcare Provider
InnoMed Healthscience Inc.,Device Company
University of Pernambuco,Research Institute
Federation of Medical Specialties,Government Agency
Fédération Française de Pneumologie,Government Agency
University of Malaya,Research Institute
University Medical Center Groningen,Healthcare Provider
Hospital do Servidor Publico Estadual,Healthcare Provider
ONIRIS,Research Institute
Helios Klinik Ambrock,Healthcare Provider
Sanjay R Patel,Individual
Mahidol University,Research Institute
"National Science Council, Taiwan",Government Agency
"National Health and Medical Research Council, Australia",Research Institute
The Craig H. Neilsen Foundation,Foundation
University Hospitals Coventry and Warwickshire NHS Trust,Healthcare Provider
National Institute on Minority Health and Health Disparities (NIMHD),Research Institute
Icahn School of Medicine at Mount Sinai,Research Institute
Skaraborg Hospital,Healthcare Provider
National Institute of Nursing Research (NINR),Research Institute
Fundacio Catalana de Pneumologia,Foundation
Weinmann Geräte für Medizin GmbH + Co. KG,Device Company
Sibel Health Inc.,Device Company
Qilu Hospital of Shandong University,Healthcare Provider
"National Institute for Health Research, United Kingdom",Research Institute
Bispebjerg Hospital,Healthcare Provider
National Yang Ming Chiao Tung University,Research Institute
Christian von Buchwald,Individual
University of Turku,Research Institute
Vanderbilt University,Research Institute
Dreem,Device Company
University of Athens,Research Institute
Zansors,Device Company
University of Copenhagen,Research Institute
University of Alabama at Birmingham,Research Institute
"Insel Gruppe AG, University Hospital Bern",Healthcare Provider
Masimo Corporation,Device Company
University of Bergen,Research Institute
National Institute of Diabetes and Digestive and Kidney Diseases (NIDDK),Research Institute
Centre hospitalier de l'Université de Montréal (CHUM),Healthcare Provider
Fundació d'investigació Sanitària de les Illes Balears,Research Institute
Rhode Island Hospital,Healthcare Provider
"University of California, Irvine",Research Institute
"St Vincent's University Hospital, Ireland",Healthcare Provider
Cornell University,Research Institute
Virginia Commonwealth University,Research Institute
State University of New York at Buffalo,Research Institute
"University Hospital, Bordeaux",Healthcare Provider
University of Texas Southwestern Medical Center,Healthcare Provider
Zeng Changhao,Individual
Istituto Auxologico Italiano,Research Institute
FRESCA Medical,Device Company
Instituto Nacional de Enfermedades Respiratorias,Research Institute
"Axsome Therapeutics, Inc.",Pharma
Air Liquide Healthcare Spain,Device Company
Clin-Experts,Consulting & CRO
Ziekenhuis Oost-Limburg,Healthcare Provider
University College London Hospitals,Healthcare Provider
Federal Emergency Management Agency,Government Agency
Fundación Neumologica Colombiana,Foundation
King's College Hospital NHS Trust,Healthcare Provider
Veterans Medical Research Foundation,Research Institute
University Hospital Ostrava,Healthcare Provider
Izmir Dr Suat Seren Chest Diseases and Surgery Education and Research Hospital,Healthcare Provider
"Chinese Academy of Medical Sciences, Fuwai Hospital",Healthcare Provider
Air Liquide Santé International,Device Company
Universidad de la Sabana,Research Institute
University of Utah,Research Institute
Heart and Diabetes Center North-Rhine Westfalia,Healthcare Provider
CRI-The Clinical Research Institute GmbH,Healthcare Provider
keepMED Ltd.,Device Company
"University Hospital, Geneva",Healthcare Provider
Swedish Heart Lung Foundation,Foundation
Ulysses Magalang MD,Individual
Novacor,Device Company
University College Dublin,Research Institute
North Middlesex University Hospital,Healthcare Provider
Purdue Pharma LP,Pharma
Far Eastern Memorial Hospital,Healthcare Provider
Tripler Army Medical Center,Healthcare Provider
Istanbul University,Research Institute
The Whittington Hospital NHS Trust,Healthcare Provider
Peking University,Research Institute
Dayton Respiratory Center,Healthcare Provider
Association Francaise pour la Recherche Thermale,Research Institute
"Ministry of Science and Technology, Taiwan",Government Agency
Medtronic Bakken Research Center,Research Institute
Dr. Adrian Baranchuk,Individual
Facharztzentrum Sonneberg-Coburg uBAG,Healthcare Provider
Floralis,Pharma
Weston Brain Institute,Research Institute
American Society for Metabolic and Bariatric Surgery,Research Institute
Nexan Inc,Device Company
Good Samaritan Hospital,Healthcare Provider
"Steward St. Elizabeth's Medical Center of Boston, Inc.",Healthcare Provider
Landstuhl Regional Medical Center,Healthcare Provider
National Institute on Deafness and Other Communication Disorders (NIDCD),Research Institute
Clarunis - Universitäres Bauchzentrum Basel,Research Institute
Instituto de Cardiologia do Rio Grande do Sul,Research Institute
SOS Attaque Cérébrale,Foundation
Liaoyang Central Hospital,Healthcare Provider
"Central Carolina Surgery, PA",Healthcare Provider
California Pacific Medical Center Research Institute,Healthcare Provider
Bezmialem Vakif University,Research Institute
Careggi Hospital,Healthcare Provider
"China Medical University, China",Research Institute
Meander Medical Center,Healthcare Provider
Seattle Institute for Biomedical and Clinical Research,Healthcare Provider
Mike O'Callaghan Military Hospital,Healthcare Provider
The Marfan Foundation,Foundation
Beijing Children's Hospital,Healthcare Provider
PRISMA A.B.,Device Company
Dutch Kidney Foundation,Foundation
Shenzhen People's Hospital,Healthcare Provider
"Mid-Atlantic Epilepsy and Sleep Center, LLC",Healthcare Provider
University Medicine Greifswald,Research Institute
Consorci Sanitari del Maresme,Healthcare Provider
"National Council of Science and Technology, Mexico",Government Agency
Fundación Clínica Médica Sur,Healthcare Provider
"University Hospital, Essen",Healthcare Provider
The Physicians' Services Incorporated Foundation,Foundation
Universitair Ziekenhuis Brussel,Government Agency
INSERM U1046 Physiologie et médecine expérimentale du cœur et des muscles,Government Agency
"Children's ENT of San Diego, Inc.",Healthcare Provider
"Rady Children's Hospital, San Diego",Healthcare Provider
DOM AIR,Research Institute
Fernanda Yanez Regonesi,Individual
American Academy of Dental Sleep Medicine,Research Institute
Indiana University School of Medicine,Research Institute
China National Center for Cardiovascular Diseases,Government Agency
Malin Jonsson Fagerlund,Individual
Fondation Jérôme Lejeune,Foundation
Universidade Federal Fluminense,Research Institute
Great Ormond Street Hospital for Children NHS Foundation Trust,Healthcare Provider
Centre Hospitalier Universitaire de Besancon,Healthcare Provider
Assistance Publique Hopitaux De Marseille,Healthcare Provider
"Vapotherm, Inc.",Device Company
Pontificia Universidad Catolica de Chile,Research Institute
"EndoVx, Inc.",Device Company
Shiphrah Biomedical Inc.,Device Company
A.E.R.O.B.I.E.,Individual
5 Santé,Device Company
Hospital of Sezana,Healthcare Provider
Laboratoire Crinex,Pharma
Laboratoire Cidelec,Consulting & CRO
University of Barcelona,Research Institute
Swiss Lung Association,Research Institute
Ligue Pulmonaire Vaudoise,Foundation
University of Tallin,Research Institute
Andrea Romigi,Individual
Sleep Apnoea Italian Patient Association,Research Institute
University of Lincoln,Research Institute
Restech Srl,Pharma
Brown University,Research Institute
Women and Infants Hospital of Rhode Island,Healthcare Provider
University Hospital of Split,Healthcare Provider
Linde Health Care,Device Company
Massachusetts Institute of Technology,Research Institute
Spain:Health Department. Basque Government.,Government Agency
CAMC Health System,Healthcare Provider
Instituto Nacional de Ciencias Medicas y Nutricion Salvador Zubiran,Research Institute
Centre de Recherche en Nutrition Humaine Rhone-Alpe,Research Institute
Centre de Recherche en Nutrition Humaine d'Auvergne,Research Institute
"Facial Concepts, Inc.",Device Company
Quironsalud,Healthcare Provider
Lakehead University,Research Institute
"Sleepy, Inc",Device Company
St. Joseph's Care Group,Healthcare Provider
Fusion Health,Government Agency
Russian Cardiology Research and Production Center,Research Institute
Solvay Pharmaceuticals,Pharma
Thunder Bay Regional Health Sciences Centre,Research Institute
Laboratoires Pronutri,Pharma
Thunder Bay Regional Health Research Institute,Research Institute
Eskenazi Health,Healthcare Provider
Krishna M. Sundar,Individual
"Miller, Chipp St. Kevin, M.D.",Individual
University of Aarhus,Research Institute
Verily Life Sciences LLC,Consulting & CRO
Jessa Hospital,Healthcare Provider
Hasselt University,Research Institute
Tesan spa,Pharma
Universiteit Antwerpen,Research Institute
Universidad Nacional Autonoma de Mexico,Research Institute
Tulane University,Research Institute
Endo Tools Therapeutics S.A.,Device Company
Essam Fathi,Individual
Zealand University Hospital,Healthcare Provider
Washington State University,Research Institute
"Missouri Breaks Industries Research, Inc.",Research Institute
Steno Diabetes Center Greenland,Healthcare Provider
University of Texas,Research Institute
American College of Chest Physicians,Research Institute
Lovisenberg Diakonale Hospital,Healthcare Provider
Joseph Adame,Individual
The Foundation for Barnes-Jewish Hospital,Healthcare Provider
"National University Hospital, Singapore",Healthcare Provider
The Prince Charles Hospital,Healthcare Provider
University of South Australia,Research Institute
United States Air Force,Government Agency
Saglik Bilimleri Universitesi,Research Institute
"Jeffrey L Zitsman, MD",Individual
University Hospital Regensburg,Healthcare Provider
Medical University of Vienna,Research Institute
University of Cyprus,Research Institute
National Heart Centre Singapore,Healthcare Provider
Ng Teng Fong General Hospital,Healthcare Provider
Citrine Medicine Limited,Pharma
Regional Hospital West Jutland,Healthcare Provider
Manchester University NHS Foundation Trust,Research Institute
University of Manchester,Research Institute
Spanish Association of Surgeons (AEC),Research Institute
"Centre for Trials Research, Cardiff University",Research Institute
Cleft Lip and Palate Association,Research Institute
University Hospital Southampton NHS Foundation Trust,Healthcare Provider
Hospital Universitario de Fuenlabrada,Healthcare Provider
Salisbury NHS Foundation Trust,Government Agency
IRCCS Azienda Ospedaliero-Universitaria di Bologna,Research Institute
Hospital Clínica Kennedy,Healthcare Provider
Nationwide Children's Hospital,Healthcare Provider
Veranex,Consulting & CRO
Rainbow Babies and Children's Hospital,Healthcare Provider
Children's Hospital Los Angeles,Healthcare Provider
"Breas Medical, Inc.",Device Company
University of Southern California,Research Institute
Medtronic - MITG,Device Company
Zhongnan Hospital,Healthcare Provider
New York University,Research Institute
"National Heart Institute, Egypt",Research Institute
dr. Stefano Nava,Individual
"Hospital La Louvière, Lille",Healthcare Provider
South Tees Hospitals NHS Foundation Trust,Healthcare Provider
Organon and Co,Pharma
eMeuse-Santé consortium,Government Agency
University of Valencia,Research Institute
"Xuanwu Hospital, Beijing",Healthcare Provider
PULSY - Regional Support Group for the Development of e-health,Consulting & CRO
"ADOR - Territorial Support Network, Device and Tools for Primary Care Teams",Foundation
SEFAM compagnie,Healthcare Provider
Beijing Tsinghua Chang Gung Hospital,Healthcare Provider
Centro Medico Teknon,Healthcare Provider
BIOSENCY compagny,Pharma
Wyeth is now a wholly owned subsidiary of Pfizer,Pharma
Laboratoires Innothera,Pharma
Biotrial,Consulting & CRO
"Pneumology Department, Verdun Hospital",Healthcare Provider
"EFCR Department and Sleep Laboratory, Grenoble Alpes University Hospital",Healthcare Provider
"Gambro Renal Products, Inc.",Device Company
"Union hospital, Toulouse",Healthcare Provider
Royal Devon and Exeter NHS Foundation Trust,Government Agency
University of Leeds,Research Institute
The Hebrew University Hadassah Medical School,Research Institute
Multiple Sclerosis Society of Canada (Primary funding agency),Research Institute
Università degli Studi dell'Insubria,Research Institute
Merz Pharmaceuticals GmbH,Pharma
Roche Pharma AG,Pharma
Kyoto University,Research Institute
Corporacion Parc Tauli,Healthcare Provider
Carlos III Health Institute,Research Institute
Jack Yanovski,Individual
The Lung Association,Research Institute
Hospital de Granollers,Healthcare Provider
Ottawa Hospital Research Institute,Healthcare Provider
Shirley Ryan AbilityLab,Healthcare Provider
"Wuhan Union Hospital, China",Healthcare Provider
Heart Foundation of Karnsjukhuset Sweden,Government Agency
Ignis Therapeutics (Suzhou) Limited,Pharma
Istanbul Sureyyapasa Chest Diseases and Chest Surgery Training and Research Hospital,Healthcare Provider
VitalAire Incorporated (Respiratory Therapist time),Pharma
Hong Kong University of Science and Technology,Research Institute
Sociedad Vasco-Navarra de Patología Respiratoria,Research Institute
RESPIRA,Pharma
"Hospital Alpes Leman, Annemasse",Healthcare Provider
"Oriade Laboratory, Vizille",Research Institute
"Christopher Hartnick, M.D.",Individual
"Cerballiance laboratories, Lille",Pharma
University Hospital Heidelberg,Healthcare Provider
Loma Linda University,Research Institute
National Center of Cardiology and Internal Medicine named after academician M.Mirrakhimov,Research Institute
Hôpital Necker-Enfants Malades,Healthcare Provider
Hospital Universitario Virgen Macarena,Healthcare Provider
MOUNT SINAI HOSPITAL,Healthcare Provider
Resmed Inc,Device Company
"Huxley Medical, Inc.",Device Company
Ankara City Hospital Bilkent,Healthcare Provider
Adep Assistance,Consulting & CRO
The Gerber Foundation,Foundation
"Centre Hospitalier Universitaire, Amiens",Healthcare Provider
Partners HealthCare,Consulting & CRO
Hospital Virgen de la Salud,Healthcare Provider
ResMed Canada Inc.,Device Company
Dr John Kimoff,Individual
Sensimed AG,Pharma
Royal Free Hospital NHS Foundation Trust,Healthcare Provider
University Hospital Olomouc,Healthcare Provider
South-Eastern Norway Regional Health Authority,Research Institute
Laboratoire des Adaptations Métaboliques à l'Exercice en conditions Physiologiques et Pathologiques,Consulting & CRO
The Hospital of Vestfold,Healthcare Provider
Chinese Pulmonary Vascular Disease Research Group,Healthcare Provider
"Oriade laboratory, Annemasse",Research Institute
Yuzuncu Yıl University,Research Institute
National Institute on Drug Abuse (NIDA),Research Institute
"Taisho Pharmaceutical Co., Ltd.",Pharma
Universitätsklinikum Hamburg-Eppendorf,Healthcare Provider
Abbott Medical Devices,Pharma
Remastered Sleep LLC,Device Company
Ain Shams University,Research Institute
Ahram Canadian University,Research Institute
Sarah Network of Rehabilitation Hospitals,Healthcare Provider
"The Development Potentials of Thai People Project, Ramathibodi hospital",Healthcare Provider
National Research Council of Thailand,Research Institute
Barnes-Jewish Hospital,Healthcare Provider
"Elisabeth Salisbury, PhD",Individual
Glenn Green,Individual
Memorial Hermann Hospital,Healthcare Provider
The George Washington University Biostatistics Center,Research Institute
COPD Foundation,Foundation
Aghia Sophia Children's Hospital of Athens,Healthcare Provider
"University Hospital, Caen",Healthcare Provider
"Chania General Hospital ""St. George""",Healthcare Provider
Sociedad Madrileña de Neumologia,Research Institute
University of Bern,Research Institute
Polyclinique Poitiers,Healthcare Provider
"Philips (China) Investment CO., LTD",Device Company
Royal Children's Hospital,Healthcare Provider
Monash Health,Healthcare Provider
Beijing Tsinghua Changgeng Hospital,Healthcare Provider
"Fu Wai Hospital, Beijing, China",Healthcare Provider
Ruijin Hospital,Healthcare Provider
Towson University,Research Institute
Murdoch Childrens Research Institute,Research Institute
The Queen Elizabeth Hospital,Healthcare Provider
Lyell McEwin Hospital,Healthcare Provider
Instituto Vasco de Investigación Sanitaria (BIOEF),Research Institute
Hospital Arnau de Vilanova,Healthcare Provider
SIBEL SL,Device Company
"Hospital San Carlos, Madrid",Healthcare Provider
Wake Forest University,Research Institute
"AirCare Labs, LLC",Device Company
Maimónides Biomedical Research Institute of Córdoba,Research Institute
CSEM Centre Suisse d'Electronique et de Microtechnique SA - Recherche et Developpement,Research Institute
European Clinical Trial Experts Network,Healthcare Provider
"Francesca Facco, MD",Individual
Swinburne University of Technology,Research Institute
Heart and Stroke Foundation of Ontario,Foundation
Hubei Hospital of Traditional Chinese Medicine,Healthcare Provider
Arizona State University,Research Institute
Jesper Norgaard Bech,Consulting & CRO
Powell Mansfield Inc.,Consulting & CRO
Detroit VA,Healthcare Provider
Boehringer Ingelheim,Pharma
Cairo University,Research Institute
Oslo University Hospital,Healthcare Provider
Robert Wood Johnson Foundation,Foundation
Norwegian Health Association,Research Institute
Georgetown University,Research Institute
The University of Texas Health Science Center at San Antonio,Research Institute
First Hospital of China Medical University,Healthcare Provider
McMaster University,Research Institute
University of Nove de Julho,Research Institute
Philips Electronics Nederland B.V. acting through Philips CTO organization,Device Company
Sanford Health,Healthcare Provider
Hartford HealthCare,Healthcare Provider
University of Houston,Research Institute
West Virginia University,Research Institute
You First Services,Consulting & CRO
"Taipei Veterans General Hospital, Taiwan",Healthcare Provider
AIRWEAVE PTE. LTD.,Device Company
"Fundação de Amparo à Pesquisa do Estado do Rio Grande do Sul, Brazil",Foundation
George Mason University,Research Institute
Baptist Health Wolfson Surgery Center,Healthcare Provider
Baptist Health Wolfson Children's Hospital,Healthcare Provider
The Hong Kong Polytechnic University,Research Institute
Virgen del Puerto Hospital,Healthcare Provider
Catholic University of the Sacred Heart,Research Institute
AZ Delta,Healthcare Provider
Instituto Colombiano para el Desarrollo de la Ciencia y la Tecnología (COLCIENCIAS),Research Institute
InCor Heart Institute,Research Institute
Boston Children's Hospital,Healthcare Provider
Beijing Jishuitan Hospital,Healthcare Provider
Shanghai Children's Hospital,Healthcare Provider
Shanghai Ninth People's Hospital Affiliated to Shanghai Jiao Tong University,Healthcare Provider
Shanghai Stomotological Hospital,Healthcare Provider
Societat Catalana de Cardiologia,Research Institute
"Vivos BioTechnologies, Inc.",Device Company
St. Louis University,Research Institute
V Joseph,Individual
ANF,Consulting & CRO
C Minville,Individual
Li-Jen Hsin,Individual
C Rheaume,Individual
GROUPE DE RECHERCHE EN SANTÉ RESPIRATOIRE DE L'UNIVERSITÉ LAVAL (GESER),Research Institute
Medtronic Endovascular,Device Company
Michigan Technological University,Research Institute
FusionHealth LLC,Government Agency
Medical University of Lodz,Research Institute
National Parkinson Foundation,Foundation
Bassett Healthcare,Healthcare Provider
"University Hospital, Motol",Healthcare Provider
American University of Beirut Medical Center,Healthcare Provider
Respironics Sleep and Respiratory Foundation,Foundation
Oxynov,Consulting & CRO
James A. Haley Veterans Administration Hospital,Healthcare Provider
Rodrigo Pinto Pedrosa,Individual
St. Lucas Andreas Ziekenhuis Hospital,Healthcare Provider
Children's & Women's Health Centre of British Columbia,Healthcare Provider
Deutsches Zentrum für Herz-Kreislauf-Forschung (DZHK),Research Institute
HP2 Laboratory,Research Institute
Cumhuriyet University,Research Institute
Agir pour les maladies chroniques,Foundation
Direction Générale de l'Offre de Soins,Government Agency
Lundquist Institute for Biomedical Innovation at Harbor-UCLA Medical Center,Healthcare Provider
Luciana Almeida Moreira da Paz Oliveira,Individual
StimAire Australia Pty Ltd,Government Agency
Hawler Medical University,Research Institute
BioAnalytics Holdings Pty Ltd,Pharma
NHS Highlands,Healthcare Provider
Haukeland University Hospital,Healthcare Provider
Coordenação de Aperfeiçoamento de Pessoal de Nível Superior.,Government Agency
Chang Gung University of Science and Technology,Research Institute
Shin Kong Wu Ho-Su Memorial Hospital,Healthcare Provider
Vastra Gotaland Region,Research Institute
Borås Lasarett,Healthcare Provider
Skaraborgs Hospital,Healthcare Provider
"NU-Hospital Organization, Sweden",Healthcare Provider
Philips Portuguesa S.A.,Device Company
RAND,Device Company
"University Hospital, Akershus",Healthcare Provider
University of Oslo,Research Institute
Oslo Metropolitan University,Research Institute
Act For Chronic Diseases,Foundation
Heart Foundation of Australia,Government Agency
Reykjavik University,Research Institute
Conseil national de l'ordre des masseurs-kinésithérapeutes,Research Institute
Löwenstein Medical Technology GmbH & Co. KG,Device Company
Rajavithi Hospital,Healthcare Provider
Taoyuan General Hospital,Healthcare Provider
Brno University Hospital,Healthcare Provider
"Berendo Scientific, LLC",Consulting & CRO
National Taipei University of Nursing and Health Sciences,Research Institute
Cheng-Hsin General Hospital,Healthcare Provider
Copka Sonpashan,Individual
Association aide à la recherche médicale de proximité (AIRE),Research Institute
Sky Labs,Device Company
Monash University,Research Institute
Gangnam Severance Hospital,Healthcare Provider
Dayzz Live Well Ltd.,Consulting & CRO
Israel Innovation Authority,Government Agency
Changi General Hospital,Healthcare Provider
Hospital Universitari Joan XXIII de Tarragona.,Healthcare Provider
Fundación de Investigación Biomédica - Hospital Universitario de La Princesa,Healthcare Provider
Isabel Moreno Hay,Consulting & CRO
Queen Mary University of London,Research Institute
National University of Malaysia,Research Institute
University of Tartu,Research Institute
Canadian Lung Association,Research Institute
Société francophone de pneumologie de langue francaise,Foundation
"Yi-Ju, Lai",Individual
Hospital Clínico Universitario de Valladolid,Healthcare Provider
Hospital de Guadalajara,Healthcare Provider
"Chung-Chieh, Yu",Consulting & CRO
Chung Shan Medical University,Research Institute
MTI University,Research Institute
VA Greater Los Angeles Healthcare System,Research Institute
"Mars, Inc.",Device Company
"Siesta Medical, Inc.",Pharma
Dymedix Corporation,Device Company
CHU de Reims,Healthcare Provider
Fundación Jimenez Diaz de Madrid,Foundation
"Clinimark, LLC",Consulting & CRO
Naomi Deacon,Individual
Universidade Federal de Santa Maria,Research Institute
Harokopio University,Research Institute
National and Kapodistrian University of Athens,Research Institute
Heart and Stroke Foundation of Canada,Foundation
Michael Smith Foundation for Health Research,Research Institute
Diskapi Teaching and Research Hospital,Healthcare Provider
Corporal Michael J. Crescenz VA Medical Center,Healthcare Provider
Hospital Universitario 12 de Octubre,Healthcare Provider
Hospital Vall d'Hebron,Healthcare Provider
Al-Azhar University,Research Institute
Shanghai Jiao Tong University School of Medicine,Research Institute
Northwell Health,Healthcare Provider
Staten Island University Hospital,Healthcare Provider
Rio de Janeiro State University,Research Institute
Hospital Universitario San Juan de Alicante,Healthcare Provider
Children's Hospital of Fudan University,Healthcare Provider
Pedro Rodrigues Genta,Individual
VA Connecticut Healthcare System,Healthcare Provider
Michael Harrison,Individual
"Health Research Board, Ireland",Research Institute
Idiag AG,Consulting & CRO
Hospital de Basurto,Healthcare Provider
Kyunghee University Medical Center,Healthcare Provider
Anna Alessandri Bonetti,Individual
Neurologisches Rehabiliationszentrum Rosenhügel,Healthcare Provider
David Andrew Wellman,Individual
University of Iceland,Research Institute
Agence Régionale de Santé Rhône-Alpes,Government Agency
Complejo Hospitalario de Caceres,Healthcare Provider
Hospital Universitario de Burgos,Healthcare Provider
Hospital Universitario Marqués de Valdecilla,Healthcare Provider
Universidad Loyola Andalucia,Research Institute
Fundación BBVA,Foundation
Erin Kirkham,Individual
VIVUS LLC,Government Agency
Patrik Bachtiger,Individual
Connecticut Children's Medical Center,Healthcare Provider
"Centre National de la Recherche Scientifique, France",Research Institute
Nagasaki University,Research Institute
Zisis Dimitriadis,Individual
Olympus Surgical Technologies Europe,Government Agency
VA Long Beach Healthcare System,Healthcare Provider
Beckman Laser Institute University of California Irvine,Research Institute
BresoTEC Inc.,Device Company
Zoll Medical Corporation,Device Company
"Asate LLC, DE",Consulting & CRO
Tel-Aviv Sourasky Medical Center,Healthcare Provider
Annie C Lajoie,Individual
Shanghai Jiao Tong University Affiliated Sixth People's Hospital,Healthcare Provider
Sigvaris France,Consulting & CRO
Bichat Hospital,Healthcare Provider
Icadom,Device Company
DOCAPOST,Consulting & CRO
"Scientific Laboratory Products, Ltd.",Research Institute
Ipsen,Pharma
Vivek Jain,Individual
"University Hospital, Limoges",Healthcare Provider
Alexandria University,Research Institute
"S. Spirito Hospital, Pescara, Italy",Healthcare Provider
"Royal College of Surgeons, Ireland",Research Institute
Connolly Hospital Blanchardstown,Healthcare Provider
Clinact,Consulting & CRO
Tyco Healthcare Group,Device Company
Taipei Medical University,Research Institute
Guangzhou Institute of Respiratory Disease,Research Institute
Sheffield Children's NHS Foundation Trust,Government Agency
University Hospitals of North Midlands NHS Trust,Healthcare Provider
Università degli Studi 'G. d'Annunzio' Chieti e Pescara,Research Institute
Sheffield Teaching Hospitals NHS Foundation Trust,Healthcare Provider
Swiss Federal Institute of Technology,Research Institute
Sheffield Hallam University,Research Institute
"Adelaide Institute for Sleep Health, Flinders University",Research Institute
Nykøbing Falster County Hospital,Healthcare Provider
"Center of Expertise, Oringe Psychiatric Hospital,Vordingborg, Denmark",Healthcare Provider
WellO2 Oy,Consulting & CRO
Pulmonar,Healthcare Provider
Tatch Inc.,Device Company
Universidad Complutense de Madrid,Research Institute
ProSomnus Sleep Technologies,Government Agency
Fundació Eurecat,Research Institute
Medtronic BRC,Device Company
Löwenstein Medical Technology,Device Company
Central Finland Hospital District,Healthcare Provider
Avania,Consulting & CRO
"Resvent Medical Technology Co., Ltd.",Device Company
Capri Medical Limited,Healthcare Provider
Pennington Biomedical Research Center,Research Institute
University Hospital Virgen de las Nieves,Healthcare Provider
TROPOS Stiftung für Humane Verhaltensforschung,Foundation
Filha ry,Device Company
University of Jyvaskyla,Research Institute
Organisation for Respiratory Health in Finland,Government Agency
Dr Bob Ryder,Consulting & CRO
University of Oxford,Research Institute
Association of British Clinical Diabetologists,Healthcare Provider
Khoo Teck Puat Hospital,Healthcare Provider
Desitin Arzneimittel GmbH,Pharma
Asociacio Lleidatana de Respiratori,Healthcare Provider
"YGHEA, CRO Division of Ecol Studio spa",Consulting & CRO
STM Pharma PRO srl,Pharma
Apnimed Inc.,Pharma
Imperial College Healthcare NHS Trust,Research Institute
Advocate Health Care,Healthcare Provider
Resvent Holding USA LTD,Government Agency
King's College London,Research Institute
ARCTIC,Consulting & CRO
ARTEHIS,Consulting & CRO
Centre Hospitalier de Valence,Healthcare Provider
Claude Bernard University,Research Institute
Flinders Medical Centre,Healthcare Provider
Somerset NHS Foundation Trust,Government Agency
Mitral,Research Institute
Universitat de Lleida,Research Institute
Institut de Recerca Biomèdica de Lleida,Research Institute
Horizon 2020 - European Commission,Government Agency
Xu J,Consulting & CRO
NightBalance,Device Company
John Hunter Hospital,Healthcare Provider
Newcastle University,Research Institute
Hunter Medical Research Institute,Research Institute
Benha University,Research Institute
Zagazig University,Research Institute
Amatis Software and Fysiologic Smart ECG Solutions,Consulting & CRO
Sadir Association,Research Institute
University of Liege,Research Institute
SATT Linksium GRENOBLE,Consulting & CRO
Mauro Manconi,Individual
Michael Garron Hospital,Healthcare Provider
Y.A. Appscent Ltd.,Device Company
Haute Ecole de Santé Vaud,Research Institute
Atlanstat,Consulting & CRO
Université Catholique de Louvain,Research Institute
Medartis AG,Device Company
Ibermática/i3B,Device Company
Bioraba,Consulting & CRO
Otto D. Schoch,Consulting & CRO
AdventHealth,Healthcare Provider
Somnial Inc,Device Company
Norwegian University of Science and Technology,Research Institute
Henri Mondor University Hospital,Healthcare Provider
"Nanjing First Hospital, Nanjing Medical University",Healthcare Provider
Jordan University of Science and Technology,Research Institute
Minnesota HealthSolutions,Healthcare Provider
Region Västerbotten,Research Institute
Interreg,Consulting & CRO
Herlev and Gentofte Hospital,Healthcare Provider
Cimera,Consulting & CRO
Shahid Beheshti University of Medical Sciences,Research Institute
Masih Daneshvari Hospital,Healthcare Provider
"Centre for Sleep and Chronobiology, Canada",Research Institute
University of Medicine and Dentistry of New Jersey,Research Institute
Rennes University Hospital,Healthcare Provider
Wellth Inc.,Consulting & CRO
ResMed GmbH & Co KG,Device Company
North Florida Foundation for Research and Education,Research Institute
Sleep Health Centers,Healthcare Provider
"Teva Pharmaceutical Industries, Ltd.",Government Agency
Medical College of Wisconsin,Research Institute
"Advanced Brain Monitoring, Inc.",Device Company
"Somnetics International, Inc.",Device Company
The University of Western Australia,Research Institute
Solelhac Geoffroy,Foundation
Metamason,Pharma
Reinhard Löwenstein-Stiftung,Foundation
Suburban Lung Associates,Healthcare Provider
Sleepinnov Technology,Device Company
Cliniques universitaires Saint-Luc- Université Catholique de Louvain,Research Institute
Cliniques universitaires Saint-Luc,Research Institute
Bridgeport Hospital,Healthcare Provider
NeilMed Pharmaceuticals,Pharma
Tecno Sun SRL,Pharma
Centro Studi Gised,Research Institute
"Kai Medical, Inc.",Device Company
Southern California Institute for Research and Education,Research Institute
"University of Colorado, Boulder",Research Institute
Linde AG,Pharma
Nordsjaellands Hospital,Healthcare Provider
Mackay Memorial Hospital,Healthcare Provider
"Fondazione C.N.R./Regione Toscana ""G. Monasterio"", Pisa, Italy",Foundation
"National Institute of Cardiology, Warsaw, Poland",Research Institute
Istituto Universitario di Studi Superiori Pavia,Research Institute
Hinchingbrooke Hospital NHS Trust,Healthcare Provider
Rush University Medical Center,Healthcare Provider
Actelion,Pharma
Adelaide Institute for Sleep Health,Research Institute
The George Institute,Research Institute
"Health Research Council, New Zealand",Research Institute
"Seda Chemical Products Co., Ltd.",Device Company
Aarhus University Hospital,Healthcare Provider
Fleury,Pharma
Zennea Technologies Inc.,Device Company
Interior Health,Healthcare Provider
"University of North Carolina, Chapel Hill",Research Institute
Harvard University,Research Institute
Novo Nordisk A/S,Pharma
VA Loma Linda Health Care System,Healthcare Provider
Vyaire Medical,Device Company
ET Zarief,Consulting & CRO
"University of Maryland, Baltimore",Research Institute
Kanta-Häme Central Hospital,Healthcare Provider
Helsingin Uniklinikka,Healthcare Provider
"Vaasa Central Hospital, Vaasa, Finland",Healthcare Provider
Revent Medical International B.V.,Device Company
Hospital Universitario del Henares,Healthcare Provider
"ISS, Inc.",Device Company
Carle Foundation Hospital,Healthcare Provider
Seven Dreamers Europe SAS,Device Company
nastent.inc,Device Company
Onze Lieve Vrouwe Gasthuis,Healthcare Provider
Karolinska Institutet,Research Institute
"SEFAM MEDICAL (Villiers les Nancy, France)",Healthcare Provider
University of Arkansas,Research Institute
Arkansas Children's Hospital Research Institute,Healthcare Provider
BTI Biotechnology Institute S.L,Research Institute
Instituto de Investigación Sanitaria BIO-ARABA,Research Institute
Seven Dreamers Laboratories,Device Company
"Uppsala County Council, Sweden",Government Agency
Innovaderm Research Inc.,Research Institute
Abbott,Pharma
Helsinki University Central Hospital,Healthcare Provider
Oulu University Hospital,Healthcare Provider
First Affiliated Hospital of Harbin Medical University,Healthcare Provider
Marmara University,Research Institute
Rabin Medical Center,Healthcare Provider
Metabolic Health Solutions UK,Pharma
University of Lisbon,Research Institute
Mirjana Grebenar Cerkez,Consulting & CRO
The Scientific and Technological Research Council of Turkey,Research Institute
Konrad E. Bloch,Consulting & CRO
Kantonsspital Münsterlingen,Research Institute
Zuercher Hoehenklinik Wald,Healthcare Provider
Cantonal Hospital of St. Gallen,Healthcare Provider
"Rutgers, The State University of New Jersey",Research Institute
St. Justine's Hospital,Healthcare Provider
Sleep Disorder Centers Institute for Clinical Research,Healthcare Provider
Regional Health Agency - Brittany,Research Institute
Affiliated Hospital to Academy of Military Medical Sciences,Healthcare Provider
Bahaa Mohammed Refaie,Individual
Initiative Pour la Sante,Foundation
Fondation Lenval,Foundation
University of Bologna,Research Institute
Hektoen Institute for Medical Research,Research Institute
University of Tennessee,Research Institute
"Ospedale Monsignor R. Dimiccoli, Barletta",Research Institute
Krankenhaus Kloster Grafschaft,Government Agency
Nucleo Interdisciplinar da Ciencia do Sono,Research Institute
"Groupe Medical de Pneumologie, Polyclinique Saint-Laurent",Healthcare Provider
M.D. Anderson Cancer Center,Healthcare Provider
SciSparc,Pharma
Children's Mercy Hospital Kansas City,Healthcare Provider
Geisinger Clinic,Healthcare Provider
University of South Carolina,Research Institute
Sleep Systems,Device Company
New England IRB,Consulting & CRO
"Mass Lung and Allergy, PC",Healthcare Provider
"Janssen Research & Development, LLC",Research Institute
"Somne, LLC",Device Company
California Center for Sleep Disorders,Healthcare Provider
CIDELEC,Consulting & CRO
Indiana University Health,Research Institute
University of Eastern Finland,Research Institute
University of Tromso,Research Institute
Public Dental Service Competence Centre of Northern Norway,Research Institute
St. Olavs Hospital,Healthcare Provider
North Texas Lung & Sleep Clinic,Healthcare Provider
Englewood Hospital and Medical Center,Healthcare Provider
Groupe Hospitalier Pitie-Salpetriere,Healthcare Provider
"Sotera Wireless, Inc.",Device Company
Aspen Clinical Research,Healthcare Provider
Hospital Sao Joao,Healthcare Provider
Hospital Pedro Hispano,Healthcare Provider
Kaiserswerther Diakonie,Healthcare Provider
Uppsala University Hospital,Healthcare Provider
Somnarus Inc,Government Agency
Siriraj Hospital,Healthcare Provider
Peking University People's Hospital,Healthcare Provider
Lawson Health Research Institute,Research Institute
Ontario Lung Association,Research Institute
"Millennium Pharmaceuticals, Inc.",Pharma
Merck Canada Inc.,Pharma
Sarah Alismail,Individual
Hadassah Medical Organization,Research Institute
"Stockholm Heart Center, Sweden",Research Institute
University of Iowa,Research Institute
Sunderbyn Hospital,Healthcare Provider
Hospital Universitario La Fe,Healthcare Provider
Medtronic Cardiac Rhythm and Heart Failure,Device Company
Francisco Campos-Rodriguez,Individual
Fisiolistic,Healthcare Provider
"Heidi Roth, MD",Individual
Louis Stokes VA Medical Center,Healthcare Provider
VitalAire Nederland BV,Device Company
SomnoMed Goedegebuure,Device Company
"State Budgetary Healthcare Institution, National Medical Surgical Center N.A. N.I. Pirogov, Ministry of Health of Russia",Research Institute
Sunnybrook Research Institute,Research Institute
University of Kansas Medical Center,Healthcare Provider
Romaker & Associates,Consulting & CRO
Universitätsmedizin Mannheim,Healthcare Provider
University of Luebeck,Research Institute
Cerebra Medical,Device Company
Fundació Institut de Recerca de l'Hospital de la Santa Creu i Sant Pau,Healthcare Provider
"St. Luke's Hospital, Chesterfield, Missouri",Healthcare Provider
Great Lakes NeuroTechnologies Inc.,Device Company
Valerie Attali,Individual
VU University of Amsterdam,Research Institute
ArthroCare Corporation,Device Company
Calgary Health Region,Healthcare Provider
Leonard Davis Institute of Health Economics,Research Institute
"Association Nationale pour les Traitements A Domicile, les Innovations et la Recherche",Research Institute
Hospital Universitario Principe de Asturias,Healthcare Provider
Shao-Ping Nie,Individual
State University of New York - Downstate Medical Center,Healthcare Provider
Coastal Carolina University,Research Institute
"inHealth Medical Services, Inc.",Consulting & CRO
University of Minnesota,Research Institute
Arizona State University (ASU),Research Institute
National Library of Medicine (NLM),Government Agency
